Customer,Value SY,Value PY
Amamos las verduras,27392435.256080016,$19904316.48819
Volimo povrce,19508583.492439996,$14337034.17849
Mi mamo radi zelenjavo d.o.o.,15914796.843329996,$12353718.12611
Amiamo le verdure,8275023.078030006,$5710420.216590005
Wir lieben Gemüse,3870974.8132199985,$2671198.825439999
We love veggies,1600170.7938300008,$1104397.59939
