Customer,Value SY,Value PY
Amamos las verduras,22019769.980010025,$40313590.25740001
Volimo povrce,14337034.178490002,$26239794.90599
Mi mamo radi zelenjavo d.o.o.,13211004.210350005,$24183256.84826002
Wir lieben Gemüse,8202976.640550004,$15020406.47609999
Amiamo le verdure,5710420.216590005,$10448836.49253
We love veggies,4081584.398519998,$7466664.635879995
