Country,Value SY,Value PY
Spain,27392435.256080016,$19904316.48819
Croatia,19508583.492439996,$14337034.17849
Slovenia,15914796.843329996,$12353718.12611
Italy,8275023.078030006,$5710420.216590005
Germany,3870974.8132199985,$2671198.825439999
United kingdom,1600170.7938300008,$1104397.59939
