Customer,Value SY,Value PY
Amamos las verduras,30457139.635280035,$22019769.98001003
Volimo povrce,19508583.49243998,$14337034.17849
Mi mamo radi zelenjavo d.o.o.,17157077.86706999,$13211004.21035
Wir lieben Gemüse,11913507.044309998,$8202976.640550004
Amiamo le verdure,8275023.078030006,$5710420.216590005
We love veggies,5914356.358319993,$4081584.398519998
