Veggie,Value SY,Value PY
Peppers,30965825.039940014,$56684017.20132
Cabbage,16692477.032749996,$30556668.86149999
Broccoli,11481704.1903,$21013598.05737
Potatoes,8422783.361519994,$15418265.49597001
