Veggie,Value SY,Value PY
Peppers,44228528.49216002,$30965825.03994001
Cabbage,21757318.18074999,$16692477.03275
Potatoes,10576137.604020016,$8422783.361519994
