Country,Value SY,Value PY
Spain,30457139.635280035,$22019769.98001003
Croatia,19508583.49243998,$14337034.17849
Slovenia,17157077.86706999,$13211004.21035
Germany,11913507.044309998,$8202976.640550004
Italy,8275023.078030006,$5710420.216590005
United kingdom,5914356.358319993,$4081584.398519998
