Country,Value SY,Value PY
Spain,22019769.980010025,$40313590.25740001
Croatia,14337034.178490002,$26239794.90599
Slovenia,13211004.210350005,$24183256.84826002
Germany,8202976.640550004,$15020406.47609999
Italy,5710420.216590005,$10448836.49253
United kingdom,4081584.398519998,$7466664.635879995
